{
  "best_model": "XGBoost",
  "score_column_used": "base_risk_score",
  "label_noise_pct": 0.08,
  "leaky_features_dropped": [
    "time_risk_multiplier",
    "location_risk_multiplier",
    "ward_risk_weight",
    "base_risk_score",
    "final_risk_score",
    "risk_score_normalized",
    "crime_prone_score",
    "police_record_density",
    "community_unsafe_score"
  ],
  "metrics": {
    "LogisticRegression": {
      "cv_f1_mean": 0.7418295953042806,
      "cv_f1_std": 0.004592915350837859,
      "train_f1": 0.7431314918182454,
      "test_f1": 0.698306768216683,
      "train_test_gap": 0.04482472360156242,
      "accuracy": 0.6998337028824834,
      "precision_weighted": 0.7042875429957995,
      "recall_emergency": 0.8193430656934306,
      "auc_roc": 0.9009812885983475,
      "overfit_status": "\u2705 healthy"
    },
    "RandomForest": {
      "cv_f1_mean": 0.8300438926376023,
      "cv_f1_std": 0.0061137074814268475,
      "train_f1": 0.8364281846226019,
      "test_f1": 0.7867390586378251,
      "train_test_gap": 0.049689125984776816,
      "accuracy": 0.7876940133037694,
      "precision_weighted": 0.7928305072607,
      "recall_emergency": 0.8899026763990268,
      "auc_roc": 0.9287355055540145,
      "overfit_status": "\u2705 healthy"
    },
    "GradientBoosting": {
      "cv_f1_mean": 0.8632765914920586,
      "cv_f1_std": 0.0026599360455269974,
      "train_f1": 0.8669307811671314,
      "test_f1": 0.822012193403453,
      "train_test_gap": 0.04491858776367841,
      "accuracy": 0.8227087952697709,
      "precision_weighted": 0.8248772086743943,
      "recall_emergency": 0.9233576642335767,
      "auc_roc": 0.9468050077769087,
      "overfit_status": "\u2705 healthy"
    },
    "XGBoost": {
      "cv_f1_mean": 0.8680375747142625,
      "cv_f1_std": 0.004119143481879822,
      "train_f1": 0.8711375560569091,
      "test_f1": 0.8271817491078175,
      "train_test_gap": 0.043955806949091625,
      "accuracy": 0.8279748706577975,
      "precision_weighted": 0.8323529110264177,
      "recall_emergency": 0.9227493917274939,
      "auc_roc": 0.9498737862112314,
      "overfit_status": "\u2705 healthy"
    }
  },
  "emergency_threshold": 0.5,
  "n_features": 71
}